"rt","stimulus","response","trial_type","trial_index","time_elapsed","internal_node_id","value","task","sentence_first","sentence_second","presentation_index","rt_ms","sentence","catch_index","sentence_position","catch_type","response_label","correct_response","correct"
"92198","
      <div class=""instructions"">
        <h2>Expérience de lecture avec suivi eye-tracker</h2>
        <p>Cette expérience enregistre les mouvements de vos yeux pendant que vous lisez des phrases.</p>
        <p><strong>Avant de commencer :</strong> Asseyez-vous confortablement à environ 60 cm de l'écran</p>
        <p>Cliquez sur la touche <strong>ESPACE</strong> pour continuer.</p>
      </div>
    "," ","html-keyboard-response","0","92196","0.0-0.0","","","","","","","","","","","","",""
"","","","call-function","1","92199","0.0-1.0","{""success"":true}","","","","","","","","","","","",""
"10652","
      <div class=""instructions"">
        <h2>Calibration</h2>
        <p>Un écran de calibration apparaîtra dans la fenêtre.</p>
        <p>Suivez le point en mouvement avec vos yeux (sans bouger la tête) et sans prédire où il va.</p>
        <p>Puis un écran apparaîtra, dans lequel vous pouvez vérifier si le point vert suit votre regard sur l'écran.</p>
        <p>Si la calibration échoue, une deuxième tentative sera effectuée.</p>
        <p>Appelez l'administrateur si vous recontrez des problèmes.</p>
        <p>Appuyez sur la touche <strong>ESPACE</strong> pour lancer la calibration et attendez 2 secondes.</p>
      </div>
    "," ","html-keyboard-response","2","102852","0.0-2.0","","","","","","","","","","","","",""
"","","","call-function","3","117852","0.0-3.0","","","","","","","","","","","","",""
"22103","
      <div class=""instructions"">
        <h2>L'expérience va commencer</h2>
        <p>Lorsque vous avez terminé de lire, appuyez sur la touche <strong>ESPACE</strong> pour passer aux phrases suivantes.</p>
        <p>Entre les phrases, un point de fixation apparaîtra au centre de l'écran pendant 2 secondes. Veuillez le regarder jusqu'à ce que la phrase suivante s'affiche.</p>
        <p>Il y aura 4 pauses au cours de l'expérience. Vous pourrez vous détendre un instant avant de poursuivre avec une nouvelle calibration.</p>
        <p>Des questions vous seront également posées, auxquelles vous répondrez en utilisant les flèches du clavier.</p>
        <p>Appuyez sur la touche <strong>ESPACE</strong> lorsque vous êtes prêt(e) à commencer.</p>
      </div>
    "," ","html-keyboard-response","4","139955","0.0-4.0","","","","","","","","","","","","",""
"","","","call-function","5","139956","0.0-5.0","","","","","","","","","","","","",""
"","","","call-function","6","139956","0.0-6.0","","","","","","","","","","","","",""
"null","<div style=""font-size:80px;text-align:center;"">+</div>","null","html-keyboard-response","7","141957","0.0-7.0-0.0","","","","","","","","","","","","",""
"7246","
          <div class=""sentence-container"">
            <div class=""sentence-text"">Julie reçoit un appel de l'hôpital pour lui rappeler qu'elle a un rendez-vous avec son dentiste.</div>
            <hr class=""sentence-divider"">
            <div class=""sentence-text"">Julie remercie le réceptionniste pour ce rappel.</div>
          </div>
        "," ","html-keyboard-response","8","149203","0.0-7.0-1.0","","reading","Julie reçoit un appel de l'hôpital pour lui rappeler qu'elle a un rendez-vous avec son dentiste.","Julie remercie le réceptionniste pour ce rappel.","0","7246","","","","","","",""
"null","<div style=""font-size:80px;text-align:center;"">+</div>","null","html-keyboard-response","9","151203","0.0-7.0-2.0","","","","","","","","","","","","",""
"9775","
          <div class=""sentence-container"">
            <div class=""sentence-text"">Une personne toque à la porte de Jim et dépose un colis inattendu.</div>
            <hr class=""sentence-divider"">
            <div class=""sentence-text"">Jim ouvre sa porte, curieux, mais en prenant le colis entre ses mains, il réalise qu'il est destiné à son voisin.</div>
          </div>
        "," ","html-keyboard-response","10","160978","0.0-7.0-3.0","","reading","Une personne toque à la porte de Jim et dépose un colis inattendu.","Jim ouvre sa porte, curieux, mais en prenant le colis entre ses mains, il réalise qu'il est destiné à son voisin.","1","9775","","","","","","",""
"null","<div style=""font-size:80px;text-align:center;"">+</div>","null","html-keyboard-response","11","162978","0.0-7.0-4.0","","","","","","","","","","","","",""
"10511","
          <div class=""sentence-container"">
            <div class=""sentence-text"">Alexandra aimerait adopter un chat et elle espère en trouver un au refuge.</div>
            <hr class=""sentence-divider"">
            <div class=""sentence-text"">Mais elle est inquiète car son chien a mauvais caractère et il pourrait mal réagir à l'arrivée d'un chaton à la maison.</div>
          </div>
        "," ","html-keyboard-response","12","173490","0.0-7.0-5.0","","reading","Alexandra aimerait adopter un chat et elle espère en trouver un au refuge.","Mais elle est inquiète car son chien a mauvais caractère et il pourrait mal réagir à l'arrivée d'un chaton à la maison.","2","10511","","","","","","",""
"null","<div style=""font-size:80px;text-align:center;"">+</div>","null","html-keyboard-response","13","175490","0.0-7.0-6.0","","","","","","","","","","","","",""
"11839","
          <div class=""sentence-container"">
            <div class=""sentence-text"">Clara est au centre-ville lorsque son père l'appelle, inquiet, en demandant si elle va bien car une fusillade a éclaté à la gare.</div>
            <hr class=""sentence-divider"">
            <div class=""sentence-text"">Clara essaie de le calmer et lui dit de la lâcher un peu. Il exagère toujours.</div>
          </div>
        "," ","html-keyboard-response","14","187330","0.0-7.0-7.0","","reading","Clara est au centre-ville lorsque son père l'appelle, inquiet, en demandant si elle va bien car une fusillade a éclaté à la gare.","Clara essaie de le calmer et lui dit de la lâcher un peu. Il exagère toujours.","3","11839","","","","","","",""
"null","<div style=""font-size:80px;text-align:center;"">+</div>","null","html-keyboard-response","15","189330","0.0-7.0-8.0","","","","","","","","","","","","",""
"12175","
          <div class=""sentence-container"">
            <div class=""sentence-text"">Karl est avec un ami lorsqu'ils croisent une fille avec qui ils ont passé la soirée il y a quelques semaines. Karl s'efforce de se rappeler son prénom mais n'y parvient pas.</div>
            <hr class=""sentence-divider"">
            <div class=""sentence-text"">Il continue de discuter avec elle comme si de rien n'était.</div>
          </div>
        "," ","html-keyboard-response","16","201506","0.0-7.0-9.0","","reading","Karl est avec un ami lorsqu'ils croisent une fille avec qui ils ont passé la soirée il y a quelques semaines. Karl s'efforce de se rappeler son prénom mais n'y parvient pas.","Il continue de discuter avec elle comme si de rien n'était.","4","12175","","","","","","",""
"null","<div style=""font-size:80px;text-align:center;"">+</div>","null","html-keyboard-response","17","203506","0.0-7.0-10.0","","","","","","","","","","","","",""
"7711","
          <div class=""sentence-container"">
            <div class=""sentence-text"">Mara est dans ses pensées lorsque l'avion dans lequel elle voyage perd de l'altitude violemment. Tout le monde commence à hurler.</div>
            <hr class=""sentence-divider"">
            <div class=""sentence-text"">L'hôtesse de l'air la plus proche s'évanouit.</div>
          </div>
        "," ","html-keyboard-response","18","211218","0.0-7.0-11.0","","reading","Mara est dans ses pensées lorsque l'avion dans lequel elle voyage perd de l'altitude violemment. Tout le monde commence à hurler.","L'hôtesse de l'air la plus proche s'évanouit.","5","7711","","","","","","",""
"null","<div style=""font-size:80px;text-align:center;"">+</div>","null","html-keyboard-response","19","213217","0.0-7.0-12.0","","","","","","","","","","","","",""
"7695","
          <div class=""sentence-container"">
            <div class=""sentence-text"">Quelqu'un toque à la porte de Pierre et dépose un colis inattendu.</div>
            <hr class=""sentence-divider"">
            <div class=""sentence-text"">Pierre ouvre le colis et découvre un parfum offert par sa copine Sara.</div>
          </div>
        "," ","html-keyboard-response","20","220912","0.0-7.0-13.0","","reading","Quelqu'un toque à la porte de Pierre et dépose un colis inattendu.","Pierre ouvre le colis et découvre un parfum offert par sa copine Sara.","6","7695","","","","","","",""
"null","<div style=""font-size:80px;text-align:center;"">+</div>","null","html-keyboard-response","21","222913","0.0-7.0-14.0","","","","","","","","","","","","",""
"8623","
          <div class=""sentence-container"">
            <div class=""sentence-text"">Nick reçoit un message de sa maman qui lui dit qu'elle a préparé un bon repas pour lui.</div>
            <hr class=""sentence-divider"">
            <div class=""sentence-text"">Nick rentre avec hâte à la maison et découvre qu'elle lui a fait une pizza, son plat préféré.</div>
          </div>
        "," ","html-keyboard-response","22","231536","0.0-7.0-15.0","","reading","Nick reçoit un message de sa maman qui lui dit qu'elle a préparé un bon repas pour lui.","Nick rentre avec hâte à la maison et découvre qu'elle lui a fait une pizza, son plat préféré.","7","8623","","","","","","",""
"null","<div style=""font-size:80px;text-align:center;"">+</div>","null","html-keyboard-response","23","233537","0.0-7.0-16.0","","","","","","","","","","","","",""
"7599","
          <div class=""sentence-container"">
            <div class=""sentence-text"">Lukas a un nouveau 'match' sur Tinder.</div>
            <hr class=""sentence-divider"">
            <div class=""sentence-text"">Il ouvre l'application et découvre que c'est la jolie fille qu'il avait 'superlikée' plus tôt dans la journée.</div>
          </div>
        "," ","html-keyboard-response","24","241136","0.0-7.0-17.0","","reading","Lukas a un nouveau 'match' sur Tinder.","Il ouvre l'application et découvre que c'est la jolie fille qu'il avait 'superlikée' plus tôt dans la journée.","8","7599","","","","","","",""
"null","<div style=""font-size:80px;text-align:center;"">+</div>","null","html-keyboard-response","25","243136","0.0-7.0-18.0","","","","","","","","","","","","",""
"5551","
          <div class=""sentence-container"">
            <div class=""sentence-text"">Ivan adore faire du voilier.</div>
            <hr class=""sentence-divider"">
            <div class=""sentence-text"">Il part souvent en navigation pendant l'été.</div>
          </div>
        "," ","html-keyboard-response","26","248688","0.0-7.0-19.0","","reading","Ivan adore faire du voilier.","Il part souvent en navigation pendant l'été.","9","5551","","","","","","",""
"null","<div style=""font-size:80px;text-align:center;"">+</div>","null","html-keyboard-response","27","250688","0.0-7.0-20.0","","","","","","","","","","","","",""
"7471","
          <div class=""sentence-container"">
            <div class=""sentence-text"">La maman de Kevin lui envoie un message en lui demandant ce qu'il voudrait manger pour le dîner.</div>
            <hr class=""sentence-divider"">
            <div class=""sentence-text"">Il lui répond qu'il aimerait des lasagnes.</div>
          </div>
        "," ","html-keyboard-response","28","258160","0.0-7.0-21.0","","reading","La maman de Kevin lui envoie un message en lui demandant ce qu'il voudrait manger pour le dîner.","Il lui répond qu'il aimerait des lasagnes.","10","7471","","","","","","",""
"null","<div style=""font-size:80px;text-align:center;"">+</div>","null","html-keyboard-response","29","260160","0.0-7.0-22.0","","","","","","","","","","","","",""
"5391","
          <div class=""sentence-container"">
            <div class=""sentence-text"">Theo prend l'avion pour partir en vacances.</div>
            <hr class=""sentence-divider"">
            <div class=""sentence-text"">Il a préparé une grande valise avec tous ses habits préférés.</div>
          </div>
        "," ","html-keyboard-response","30","265552","0.0-7.0-23.0","","reading","Theo prend l'avion pour partir en vacances.","Il a préparé une grande valise avec tous ses habits préférés.","11","5391","","","","","","",""
"13712","
        <div style=""
          display: flex;
          flex-direction: column;
          align-items: center;
          justify-content: center;
          width: 90vw;
          max-width: 90vw;
          box-sizing: border-box;
          padding: 40px;
          word-wrap: break-word;
          overflow-wrap: break-word;
          white-space: normal;
        "">
          <div style=""
            font-family: 'Courier New', monospace;
            font-size: 40px;
            line-height: 2.2;
            letter-spacing: 2px;
            text-align: center;
            color: #111;
            width: 100%;
            word-wrap: break-word;
            overflow-wrap: break-word;
            white-space: normal;
          "">Avez-vous vu la phrase suivante ?<br><br><em>Paul doit rejoindre un ami pour prendre un café. Il monte dans le bus pour se rendre au lieu de rendez-vous.</em></div>

          <div style=""
            display: flex;
            flex-direction: row;
            gap: 80px;
            margin-top: 60px;
            font-family: 'Courier New', monospace;
            font-size: 28px;
            color: #333;
          "">
            <div style=""text-align:center;"">
              <div style=""font-size: 48px;"">↑</div>
              <div>Oui</div>
            </div>
            <div style=""text-align:center;"">
              <div style=""font-size: 48px;"">↓</div>
              <div>Non</div>
            </div>
          </div>
        </div>
      ","arrowup","html-keyboard-response","31","279263","0.0-7.0-24.0","","catch","Theo prend l'avion pour partir en vacances.","Il a préparé une grande valise avec tous ses habits préférés.","","","Paul doit rejoindre un ami pour prendre un café. Il monte dans le bus pour se rendre au lieu de rendez-vous.","0","12","unseen","Oui","Non","false"
"null","<div style=""font-size:80px;text-align:center;"">+</div>","null","html-keyboard-response","32","281263","0.0-7.0-25.0","","","","","","","","","","","","",""
"8239","
          <div class=""sentence-container"">
            <div class=""sentence-text"">Mike est dans un supermarché lorsqu'un homme cagoulé et armé crie: 'Tout le monde au sol, ceci est un hold-up !'</div>
            <hr class=""sentence-divider"">
            <div class=""sentence-text"">Les jambes de Mike commencent à trembler.</div>
          </div>
        "," ","html-keyboard-response","33","289503","0.0-7.0-26.0","","reading","Mike est dans un supermarché lorsqu'un homme cagoulé et armé crie: 'Tout le monde au sol, ceci est un hold-up !'","Les jambes de Mike commencent à trembler.","12","8239","","","","","","",""
"null","<div style=""font-size:80px;text-align:center;"">+</div>","null","html-keyboard-response","34","291503","0.0-7.0-27.0","","","","","","","","","","","","",""
"11199","
          <div class=""sentence-container"">
            <div class=""sentence-text"">Kim veut partir en voyage mais elle ne sait pas encore où aller. Elle commence à regarder des destinations sur Google.</div>
            <hr class=""sentence-divider"">
            <div class=""sentence-text"">Elle voit qu'il y a des vols pas chers pour Venise ce week-end et elle en réserve un immédiatement.</div>
          </div>
        "," ","html-keyboard-response","35","302703","0.0-7.0-28.0","","reading","Kim veut partir en voyage mais elle ne sait pas encore où aller. Elle commence à regarder des destinations sur Google.","Elle voit qu'il y a des vols pas chers pour Venise ce week-end et elle en réserve un immédiatement.","13","11199","","","","","","",""
"null","<div style=""font-size:80px;text-align:center;"">+</div>","null","html-keyboard-response","36","304703","0.0-7.0-29.0","","","","","","","","","","","","",""
"9183","
          <div class=""sentence-container"">
            <div class=""sentence-text"">Bertrand a joué à la loterie en utilisant ses numéros favoris pour tenter de gagner le jackpot de 4 000 000 €.</div>
            <hr class=""sentence-divider"">
            <div class=""sentence-text"">Il essaie de regarder le tirage de la loterie à la télé, mais il n'y a pas de signal.</div>
          </div>
        "," ","html-keyboard-response","37","313887","0.0-7.0-30.0","","reading","Bertrand a joué à la loterie en utilisant ses numéros favoris pour tenter de gagner le jackpot de 4 000 000 €.","Il essaie de regarder le tirage de la loterie à la télé, mais il n'y a pas de signal.","14","9183","","","","","","",""
"null","<div style=""font-size:80px;text-align:center;"">+</div>","null","html-keyboard-response","38","315887","0.0-7.0-31.0","","","","","","","","","","","","",""
"8463","
          <div class=""sentence-container"">
            <div class=""sentence-text"">Olivia fait un tour touristique lorsque quelque chose de mouillé tombe sur sa tête.</div>
            <hr class=""sentence-divider"">
            <div class=""sentence-text"">Elle touche ses cheveux et comprend qu'un pigeon lui a déféqué dessus.</div>
          </div>
        "," ","html-keyboard-response","39","324351","0.0-7.0-32.0","","reading","Olivia fait un tour touristique lorsque quelque chose de mouillé tombe sur sa tête.","Elle touche ses cheveux et comprend qu'un pigeon lui a déféqué dessus.","15","8463","","","","","","",""
"null","<div style=""font-size:80px;text-align:center;"">+</div>","null","html-keyboard-response","40","326351","0.0-7.0-33.0","","","","","","","","","","","","",""
"6847","
          <div class=""sentence-container"">
            <div class=""sentence-text"">C'est la veille du Nouvel An et Mike entend des feux d'artifice toute la nuit.</div>
            <hr class=""sentence-divider"">
            <div class=""sentence-text"">Il met des bouchons d'oreilles pour dormir.</div>
          </div>
        "," ","html-keyboard-response","41","333199","0.0-7.0-34.0","","reading","C'est la veille du Nouvel An et Mike entend des feux d'artifice toute la nuit.","Il met des bouchons d'oreilles pour dormir.","16","6847","","","","","","",""
"null","<div style=""font-size:80px;text-align:center;"">+</div>","null","html-keyboard-response","42","335198","0.0-7.0-35.0","","","","","","","","","","","","",""
"11168","
          <div class=""sentence-container"">
            <div class=""sentence-text"">Soline a travaillé d'arrache-pied sur son devoir le mois passé. Elle se rend en classe et espère recevoir une très bonne note.</div>
            <hr class=""sentence-divider"">
            <div class=""sentence-text"">Son professeur lui dit qu'il n'a pas encore fini de corriger les devoirs.</div>
          </div>
        "," ","html-keyboard-response","43","346365","0.0-7.0-36.0","","reading","Soline a travaillé d'arrache-pied sur son devoir le mois passé. Elle se rend en classe et espère recevoir une très bonne note.","Son professeur lui dit qu'il n'a pas encore fini de corriger les devoirs.","17","11168","","","","","","",""
"null","<div style=""font-size:80px;text-align:center;"">+</div>","null","html-keyboard-response","44","348366","0.0-7.0-37.0","","","","","","","","","","","","",""
"2943","
          <div class=""sentence-container"">
            <div class=""sentence-text"">Tyler adore les sneakers.</div>
            <hr class=""sentence-divider"">
            <div class=""sentence-text"">Il décide d'en acheter une nouvelle paire.</div>
          </div>
        "," ","html-keyboard-response","45","351309","0.0-7.0-38.0","","reading","Tyler adore les sneakers.","Il décide d'en acheter une nouvelle paire.","18","2943","","","","","","",""
"null","<div style=""font-size:80px;text-align:center;"">+</div>","null","html-keyboard-response","46","353310","0.0-7.0-39.0","","","","","","","","","","","","",""
"14799","
          <div class=""sentence-container"">
            <div class=""sentence-text"">Matéo est en retard pour aller au travail lorsque son téléphone sonne. Ça alors ! On l'appelle toujours au mauvais moment ! Il décroche, nerveux, et une voix froide lui dit qu'un de ses proches a été admis en réanimation à l'hôpital.</div>
            <hr class=""sentence-divider"">
            <div class=""sentence-text"">La voix dit à Matéo que son frère vient d'avoir un grave accident de voiture.</div>
          </div>
        "," ","html-keyboard-response","47","368109","0.0-7.0-40.0","","reading","Matéo est en retard pour aller au travail lorsque son téléphone sonne. Ça alors ! On l'appelle toujours au mauvais moment ! Il décroche, nerveux, et une voix froide lui dit qu'un de ses proches a été admis en réanimation à l'hôpital.","La voix dit à Matéo que son frère vient d'avoir un grave accident de voiture.","19","14799","","","","","","",""
"3632","
          <div class=""instructions"">
            <h2>Pause — Recalibration</h2>
            <p>Nous allons recalibrer le suivi oculaire.</p>
            <p>Appuyez sur <strong>ESPACE</strong> pour lancer la recalibration.</p>
          </div>
        "," ","html-keyboard-response","48","371741","0.0-7.0-41.0","","","","","","","","","","","","",""
"","","","call-function","49","384293","0.0-7.0-42.0","","","","","","","","","","","","",""
"1832","
          <div class=""instructions"">
            <h2>Recalibration terminée</h2>
            <p>Appuyez sur <strong>ESPACE</strong> pour continuer la lecture.</p>
          </div>
        "," ","html-keyboard-response","50","386125","0.0-7.0-43.0","","","","","","","","","","","","",""
"null","<div style=""font-size:80px;text-align:center;"">+</div>","null","html-keyboard-response","51","388126","0.0-7.0-44.0","","","","","","","","","","","","",""
"12351","
          <div class=""sentence-container"">
            <div class=""sentence-text"">Simon est en train de courir pour attraper son bus lorsque son téléphone sonne. Une voix glaciale lui dit qu'un de ses proches a eu un accident.</div>
            <hr class=""sentence-divider"">
            <div class=""sentence-text"">Simon s'arrête et le bus lui file sous le nez. Il demande qui est à l'appareil mais la ligne se coupe.</div>
          </div>
        "," ","html-keyboard-response","52","400476","0.0-7.0-45.0","","reading","Simon est en train de courir pour attraper son bus lorsque son téléphone sonne. Une voix glaciale lui dit qu'un de ses proches a eu un accident.","Simon s'arrête et le bus lui file sous le nez. Il demande qui est à l'appareil mais la ligne se coupe.","20","12351","","","","","","",""
"null","<div style=""font-size:80px;text-align:center;"">+</div>","null","html-keyboard-response","53","402476","0.0-7.0-46.0","","","","","","","","","","","","",""
"5903","
          <div class=""sentence-container"">
            <div class=""sentence-text"">Laura aimerait adopter un chaton.</div>
            <hr class=""sentence-divider"">
            <div class=""sentence-text"">Elle va sur Internet pour trouver un refuge.</div>
          </div>
        "," ","html-keyboard-response","54","408380","0.0-7.0-47.0","","reading","Laura aimerait adopter un chaton.","Elle va sur Internet pour trouver un refuge.","21","5903","","","","","","",""
"null","<div style=""font-size:80px;text-align:center;"">+</div>","null","html-keyboard-response","55","410380","0.0-7.0-48.0","","","","","","","","","","","","",""
"8975","
          <div class=""sentence-container"">
            <div class=""sentence-text"">Ava a acheté un nouveau sac à main de luxe et elle a hâte de le montrer à ses copines.</div>
            <hr class=""sentence-divider"">
            <div class=""sentence-text"">Ava est très satisfaite de son achat et elle s'entraîne à défiler avec dans son salon comme le font les stars.</div>
          </div>
        "," ","html-keyboard-response","56","419356","0.0-7.0-49.0","","reading","Ava a acheté un nouveau sac à main de luxe et elle a hâte de le montrer à ses copines.","Ava est très satisfaite de son achat et elle s'entraîne à défiler avec dans son salon comme le font les stars.","22","8975","","","","","","",""
"null","<div style=""font-size:80px;text-align:center;"">+</div>","null","html-keyboard-response","57","421356","0.0-7.0-50.0","","","","","","","","","","","","",""
"10416","
          <div class=""sentence-container"">
            <div class=""sentence-text"">Connor attend son métro en espérant qu'il ne sera pas trop rempli.</div>
            <hr class=""sentence-divider"">
            <div class=""sentence-text"">Le métro qui arrive en station déborde de gens, Connor arrive à s'y glisser avec difficulté mais il a du mal à respirer.</div>
          </div>
        "," ","html-keyboard-response","58","431772","0.0-7.0-51.0","","reading","Connor attend son métro en espérant qu'il ne sera pas trop rempli.","Le métro qui arrive en station déborde de gens, Connor arrive à s'y glisser avec difficulté mais il a du mal à respirer.","23","10416","","","","","","",""
"null","<div style=""font-size:80px;text-align:center;"">+</div>","null","html-keyboard-response","59","433772","0.0-7.0-52.0","","","","","","","","","","","","",""
"17119","
          <div class=""sentence-container"">
            <div class=""sentence-text"">Il est 4 heures du matin et Mike s'apprête à aller dormir lorsque soudain il entend un homme crier 'Adieu monde cruel' suivi d'un bruit sourd.</div>
            <hr class=""sentence-divider"">
            <div class=""sentence-text"">Le souffle coupé, il se lève pour se rapprocher de sa fenêtre. Il a à peine le temps de se frotter les paupières qu'il voit son voisin étendu à terre, inerte.</div>
          </div>
        "," ","html-keyboard-response","60","450892","0.0-7.0-53.0","","reading","Il est 4 heures du matin et Mike s'apprête à aller dormir lorsque soudain il entend un homme crier 'Adieu monde cruel' suivi d'un bruit sourd.","Le souffle coupé, il se lève pour se rapprocher de sa fenêtre. Il a à peine le temps de se frotter les paupières qu'il voit son voisin étendu à terre, inerte.","24","17119","","","","","","",""
"10384","
        <div style=""
          display: flex;
          flex-direction: column;
          align-items: center;
          justify-content: center;
          width: 90vw;
          max-width: 90vw;
          box-sizing: border-box;
          padding: 40px;
          word-wrap: break-word;
          overflow-wrap: break-word;
          white-space: normal;
        "">
          <div style=""
            font-family: 'Courier New', monospace;
            font-size: 40px;
            line-height: 2.2;
            letter-spacing: 2px;
            text-align: center;
            color: #111;
            width: 100%;
            word-wrap: break-word;
            overflow-wrap: break-word;
            white-space: normal;
          "">Avez-vous vu la phrase suivante ?<br><br><em>Irene aimerait voyager, mais ne sachant pas où aller, elle décide de demander conseil à une agence de voyages. L'agent lui dit qu'il y a des promotions intéressantes pour Malaga, Barcelone et Rome.</em></div>

          <div style=""
            display: flex;
            flex-direction: row;
            gap: 80px;
            margin-top: 60px;
            font-family: 'Courier New', monospace;
            font-size: 28px;
            color: #333;
          "">
            <div style=""text-align:center;"">
              <div style=""font-size: 48px;"">↑</div>
              <div>Oui</div>
            </div>
            <div style=""text-align:center;"">
              <div style=""font-size: 48px;"">↓</div>
              <div>Non</div>
            </div>
          </div>
        </div>
      ","arrowdown","html-keyboard-response","61","461275","0.0-7.0-54.0","","catch","Il est 4 heures du matin et Mike s'apprête à aller dormir lorsque soudain il entend un homme crier 'Adieu monde cruel' suivi d'un bruit sourd.","Le souffle coupé, il se lève pour se rapprocher de sa fenêtre. Il a à peine le temps de se frotter les paupières qu'il voit son voisin étendu à terre, inerte.","","","Irene aimerait voyager, mais ne sachant pas où aller, elle décide de demander conseil à une agence de voyages. L'agent lui dit qu'il y a des promotions intéressantes pour Malaga, Barcelone et Rome.","1","25","unseen","Non","Non","true"
"null","<div style=""font-size:80px;text-align:center;"">+</div>","null","html-keyboard-response","62","463275","0.0-7.0-55.0","","","","","","","","","","","","",""
"12111","
          <div class=""sentence-container"">
            <div class=""sentence-text"">Robbie se dirige vers le rencard que son meilleur ami lui a arrangé. Selon ce dernier, la fille qu'il va lui présenter est magnifique.</div>
            <hr class=""sentence-divider"">
            <div class=""sentence-text"">En allant au rendez-vous, Robbie est très anxieux et il transpire beaucoup comme à son habitude.</div>
          </div>
        "," ","html-keyboard-response","63","475386","0.0-7.0-56.0","","reading","Robbie se dirige vers le rencard que son meilleur ami lui a arrangé. Selon ce dernier, la fille qu'il va lui présenter est magnifique.","En allant au rendez-vous, Robbie est très anxieux et il transpire beaucoup comme à son habitude.","25","12111","","","","","","",""
"null","<div style=""font-size:80px;text-align:center;"">+</div>","null","html-keyboard-response","64","477387","0.0-7.0-57.0","","","","","","","","","","","","",""
"4943","
          <div class=""sentence-container"">
            <div class=""sentence-text"">Mady fait la fête au centre-ville.</div>
            <hr class=""sentence-divider"">
            <div class=""sentence-text"">Elle voit beaucoup de personnes qui consomment de l'alcool.</div>
          </div>
        "," ","html-keyboard-response","65","482330","0.0-7.0-58.0","","reading","Mady fait la fête au centre-ville.","Elle voit beaucoup de personnes qui consomment de l'alcool.","26","4943","","","","","","",""
"null","<div style=""font-size:80px;text-align:center;"">+</div>","null","html-keyboard-response","66","484331","0.0-7.0-59.0","","","","","","","","","","","","",""
"3391","
          <div class=""sentence-container"">
            <div class=""sentence-text"">Sara marche vers chez elle au milieu de la nuit.</div>
            <hr class=""sentence-divider"">
            <div class=""sentence-text"">Des voitures passent le long de la rue.</div>
          </div>
        "," ","html-keyboard-response","67","487722","0.0-7.0-60.0","","reading","Sara marche vers chez elle au milieu de la nuit.","Des voitures passent le long de la rue.","27","3391","","","","","","",""
"null","<div style=""font-size:80px;text-align:center;"">+</div>","null","html-keyboard-response","68","489723","0.0-7.0-61.0","","","","","","","","","","","","",""
"8559","
          <div class=""sentence-container"">
            <div class=""sentence-text"">Comme chaque matin, Sara se balade dans son quartier lorsqu'elle entend quelqu'un chanter bruyamment.</div>
            <hr class=""sentence-divider"">
            <div class=""sentence-text"">Elle regarde derrière elle pour comprendre d'où vient cette voix, mais ne voit que des enfants aux alentours.</div>
          </div>
        "," ","html-keyboard-response","69","498282","0.0-7.0-62.0","","reading","Comme chaque matin, Sara se balade dans son quartier lorsqu'elle entend quelqu'un chanter bruyamment.","Elle regarde derrière elle pour comprendre d'où vient cette voix, mais ne voit que des enfants aux alentours.","28","8559","","","","","","",""
"null","<div style=""font-size:80px;text-align:center;"">+</div>","null","html-keyboard-response","70","500283","0.0-7.0-63.0","","","","","","","","","","","","",""
"11999","
          <div class=""sentence-container"">
            <div class=""sentence-text"">Il est 3 heures du matin et Selma marche vers chez elle. Soudain, elle entend une femme crier et une voiture arriver en trombe.</div>
            <hr class=""sentence-divider"">
            <div class=""sentence-text"">Selma a à peine le temps de comprendre ce qu'il arrive que la voiture la percute. Elle décède sur le coup.</div>
          </div>
        "," ","html-keyboard-response","71","512282","0.0-7.0-64.0","","reading","Il est 3 heures du matin et Selma marche vers chez elle. Soudain, elle entend une femme crier et une voiture arriver en trombe.","Selma a à peine le temps de comprendre ce qu'il arrive que la voiture la percute. Elle décède sur le coup.","29","11999","","","","","","",""
"null","<div style=""font-size:80px;text-align:center;"">+</div>","null","html-keyboard-response","72","514283","0.0-7.0-65.0","","","","","","","","","","","","",""
"4735","
          <div class=""sentence-container"">
            <div class=""sentence-text"">Lena fait son jogging dans un parc.</div>
            <hr class=""sentence-divider"">
            <div class=""sentence-text"">Elle croise beaucoup de gens qui font des pique-niques.</div>
          </div>
        "," ","html-keyboard-response","73","519018","0.0-7.0-66.0","","reading","Lena fait son jogging dans un parc.","Elle croise beaucoup de gens qui font des pique-niques.","30","4735","","","","","","",""
"null","<div style=""font-size:80px;text-align:center;"">+</div>","null","html-keyboard-response","74","521019","0.0-7.0-67.0","","","","","","","","","","","","",""
"9903","
          <div class=""sentence-container"">
            <div class=""sentence-text"">La valise de Marco, contenant tous ses habits favoris, a été perdue lors de son voyage en avion.</div>
            <hr class=""sentence-divider"">
            <div class=""sentence-text"">Marco reçoit un appel de la compagnie aérienne lui disant qu'ils sont dans l'incapacité de trouver sa valise et qu'il sera remboursé à la hauteur de 300 euros pour les dommages occasionnés.</div>
          </div>
        "," ","html-keyboard-response","75","530921","0.0-7.0-68.0","","reading","La valise de Marco, contenant tous ses habits favoris, a été perdue lors de son voyage en avion.","Marco reçoit un appel de la compagnie aérienne lui disant qu'ils sont dans l'incapacité de trouver sa valise et qu'il sera remboursé à la hauteur de 300 euros pour les dommages occasionnés.","31","9903","","","","","","",""
"null","<div style=""font-size:80px;text-align:center;"">+</div>","null","html-keyboard-response","76","532921","0.0-7.0-69.0","","","","","","","","","","","","",""
"10575","
          <div class=""sentence-container"">
            <div class=""sentence-text"">Mario est avec un ami lorsqu'ils croisent une fille avec qui ils sont sortis en soirée, mais il ne se rappelle plus son prénom.</div>
            <hr class=""sentence-divider"">
            <div class=""sentence-text"">L'ami de Mario lui glisse discrètement à l'oreille qu'elle s'appelle Diana.</div>
          </div>
        "," ","html-keyboard-response","77","543497","0.0-7.0-70.0","","reading","Mario est avec un ami lorsqu'ils croisent une fille avec qui ils sont sortis en soirée, mais il ne se rappelle plus son prénom.","L'ami de Mario lui glisse discrètement à l'oreille qu'elle s'appelle Diana.","32","10575","","","","","","",""
"null","<div style=""font-size:80px;text-align:center;"">+</div>","null","html-keyboard-response","78","545497","0.0-7.0-71.0","","","","","","","","","","","","",""
"6879","
          <div class=""sentence-container"">
            <div class=""sentence-text"">Erik vient d'acheter des sneakers super rares et il a hâte de voir la tête de ses amis quand il leur dira ce soir.</div>
            <hr class=""sentence-divider"">
            <div class=""sentence-text"">Les amis d'Erik adorent sa nouvelle paire et le complimentent sur son goût.</div>
          </div>
        "," ","html-keyboard-response","79","552377","0.0-7.0-72.0","","reading","Erik vient d'acheter des sneakers super rares et il a hâte de voir la tête de ses amis quand il leur dira ce soir.","Les amis d'Erik adorent sa nouvelle paire et le complimentent sur son goût.","33","6879","","","","","","",""
"8256","
        <div style=""
          display: flex;
          flex-direction: column;
          align-items: center;
          justify-content: center;
          width: 90vw;
          max-width: 90vw;
          box-sizing: border-box;
          padding: 40px;
          word-wrap: break-word;
          overflow-wrap: break-word;
          white-space: normal;
        "">
          <div style=""
            font-family: 'Courier New', monospace;
            font-size: 40px;
            line-height: 2.2;
            letter-spacing: 2px;
            text-align: center;
            color: #111;
            width: 100%;
            word-wrap: break-word;
            overflow-wrap: break-word;
            white-space: normal;
          "">Avez-vous vu la phrase suivante ?<br><br><em>Mario est avec un ami lorsqu'ils croisent une fille avec qui ils sont sortis en soirée, mais il ne se rappelle plus son prénom. L'ami de Mario lui glisse discrètement à l'oreille qu'elle s'appelle Diana.</em></div>

          <div style=""
            display: flex;
            flex-direction: row;
            gap: 80px;
            margin-top: 60px;
            font-family: 'Courier New', monospace;
            font-size: 28px;
            color: #333;
          "">
            <div style=""text-align:center;"">
              <div style=""font-size: 48px;"">↑</div>
              <div>Oui</div>
            </div>
            <div style=""text-align:center;"">
              <div style=""font-size: 48px;"">↓</div>
              <div>Non</div>
            </div>
          </div>
        </div>
      ","arrowup","html-keyboard-response","80","560633","0.0-7.0-73.0","","catch","Erik vient d'acheter des sneakers super rares et il a hâte de voir la tête de ses amis quand il leur dira ce soir.","Les amis d'Erik adorent sa nouvelle paire et le complimentent sur son goût.","","","Mario est avec un ami lorsqu'ils croisent une fille avec qui ils sont sortis en soirée, mais il ne se rappelle plus son prénom. L'ami de Mario lui glisse discrètement à l'oreille qu'elle s'appelle Diana.","2","34","seen","Oui","Oui","true"
"null","<div style=""font-size:80px;text-align:center;"">+</div>","null","html-keyboard-response","81","562633","0.0-7.0-74.0","","","","","","","","","","","","",""
"3775","
          <div class=""sentence-container"">
            <div class=""sentence-text"">Comme tous les matins, Ana sort son chien.</div>
            <hr class=""sentence-divider"">
            <div class=""sentence-text"">Le soleil réchauffe sa peau.</div>
          </div>
        "," ","html-keyboard-response","82","566409","0.0-7.0-75.0","","reading","Comme tous les matins, Ana sort son chien.","Le soleil réchauffe sa peau.","34","3775","","","","","","",""
"null","<div style=""font-size:80px;text-align:center;"">+</div>","null","html-keyboard-response","83","568409","0.0-7.0-76.0","","","","","","","","","","","","",""
"9983","
          <div class=""sentence-container"">
            <div class=""sentence-text"">Arthur fait la queue à la banque pour retirer de l'argent quand un homme cagoulé et armé entre dans le bâtiment.</div>
            <hr class=""sentence-divider"">
            <div class=""sentence-text"">Arthur lâche un cri strident et se fait immédiatement tirer dessus. Il meurt avant d'arriver aux urgences.</div>
          </div>
        "," ","html-keyboard-response","84","578393","0.0-7.0-77.0","","reading","Arthur fait la queue à la banque pour retirer de l'argent quand un homme cagoulé et armé entre dans le bâtiment.","Arthur lâche un cri strident et se fait immédiatement tirer dessus. Il meurt avant d'arriver aux urgences.","35","9983","","","","","","",""
"null","<div style=""font-size:80px;text-align:center;"">+</div>","null","html-keyboard-response","85","580393","0.0-7.0-78.0","","","","","","","","","","","","",""
"3295","
          <div class=""sentence-container"">
            <div class=""sentence-text"">Matt a une copine.</div>
            <hr class=""sentence-divider"">
            <div class=""sentence-text"">Il lui fait beaucoup de cadeaux.</div>
          </div>
        "," ","html-keyboard-response","86","583689","0.0-7.0-79.0","","reading","Matt a une copine.","Il lui fait beaucoup de cadeaux.","36","3295","","","","","","",""
"null","<div style=""font-size:80px;text-align:center;"">+</div>","null","html-keyboard-response","87","585689","0.0-7.0-80.0","","","","","","","","","","","","",""
"2352","
          <div class=""sentence-container"">
            <div class=""sentence-text"">Sam rentre à la maison.</div>
            <hr class=""sentence-divider"">
            <div class=""sentence-text"">Il enlève sa veste.</div>
          </div>
        "," ","html-keyboard-response","88","588039","0.0-7.0-81.0","","reading","Sam rentre à la maison.","Il enlève sa veste.","37","2352","","","","","","",""
"null","<div style=""font-size:80px;text-align:center;"">+</div>","null","html-keyboard-response","89","590040","0.0-7.0-82.0","","","","","","","","","","","","",""
"3295","
          <div class=""sentence-container"">
            <div class=""sentence-text"">Lena doit retirer de l'argent.</div>
            <hr class=""sentence-divider"">
            <div class=""sentence-text"">Elle se rend à la banque près de chez elle.</div>
          </div>
        "," ","html-keyboard-response","90","593335","0.0-7.0-83.0","","reading","Lena doit retirer de l'argent.","Elle se rend à la banque près de chez elle.","38","3295","","","","","","",""
"null","<div style=""font-size:80px;text-align:center;"">+</div>","null","html-keyboard-response","91","595336","0.0-7.0-84.0","","","","","","","","","","","","",""
"6959","
          <div class=""sentence-container"">
            <div class=""sentence-text"">Jack rentre chez lui et entend des bruits suspects à l'étage. Il est inquiet car il habite seul.</div>
            <hr class=""sentence-divider"">
            <div class=""sentence-text"">Il marche sur la pointe des pieds en se rapprochant des escaliers.</div>
          </div>
        "," ","html-keyboard-response","92","602295","0.0-7.0-85.0","","reading","Jack rentre chez lui et entend des bruits suspects à l'étage. Il est inquiet car il habite seul.","Il marche sur la pointe des pieds en se rapprochant des escaliers.","39","6959","","","","","","",""
"3216","
          <div class=""instructions"">
            <h2>Pause — Recalibration</h2>
            <p>Nous allons recalibrer le suivi oculaire.</p>
            <p>Appuyez sur <strong>ESPACE</strong> pour lancer la recalibration.</p>
          </div>
        "," ","html-keyboard-response","93","605511","0.0-7.0-86.0","","","","","","","","","","","","",""
"","","","call-function","94","618092","0.0-7.0-87.0","","","","","","","","","","","","",""
"2411","
          <div class=""instructions"">
            <h2>Recalibration terminée</h2>
            <p>Appuyez sur <strong>ESPACE</strong> pour continuer la lecture.</p>
          </div>
        "," ","html-keyboard-response","95","620503","0.0-7.0-88.0","","","","","","","","","","","","",""
"null","<div style=""font-size:80px;text-align:center;"">+</div>","null","html-keyboard-response","96","622504","0.0-7.0-89.0","","","","","","","","","","","","",""
"6143","
          <div class=""sentence-container"">
            <div class=""sentence-text"">Cam attend son bus en espérant qu'il ne sera pas trop plein.</div>
            <hr class=""sentence-divider"">
            <div class=""sentence-text"">Le bus qui arrive est hors service, Cam continue à attendre.</div>
          </div>
        "," ","html-keyboard-response","97","628647","0.0-7.0-90.0","","reading","Cam attend son bus en espérant qu'il ne sera pas trop plein.","Le bus qui arrive est hors service, Cam continue à attendre.","40","6143","","","","","","",""
"null","<div style=""font-size:80px;text-align:center;"">+</div>","null","html-keyboard-response","98","630648","0.0-7.0-91.0","","","","","","","","","","","","",""
"4623","
          <div class=""sentence-container"">
            <div class=""sentence-text"">Paul doit rejoindre un ami pour prendre un café.</div>
            <hr class=""sentence-divider"">
            <div class=""sentence-text"">Il monte dans le bus pour se rendre au lieu de rendez-vous.</div>
          </div>
        "," ","html-keyboard-response","99","635271","0.0-7.0-92.0","","reading","Paul doit rejoindre un ami pour prendre un café.","Il monte dans le bus pour se rendre au lieu de rendez-vous.","41","4623","","","","","","",""
"null","<div style=""font-size:80px;text-align:center;"">+</div>","null","html-keyboard-response","100","637272","0.0-7.0-93.0","","","","","","","","","","","","",""
"5535","
          <div class=""sentence-container"">
            <div class=""sentence-text"">Liam est à la station et il attend son train matinal.</div>
            <hr class=""sentence-divider"">
            <div class=""sentence-text"">Lorsque le train arrive, il monte dedans.</div>
          </div>
        "," ","html-keyboard-response","101","642807","0.0-7.0-94.0","","reading","Liam est à la station et il attend son train matinal.","Lorsque le train arrive, il monte dedans.","42","5535","","","","","","",""
"null","<div style=""font-size:80px;text-align:center;"">+</div>","null","html-keyboard-response","102","644808","0.0-7.0-95.0","","","","","","","","","","","","",""
"6431","
          <div class=""sentence-container"">
            <div class=""sentence-text"">Mina vient de marcher sur quelque chose de collant.</div>
            <hr class=""sentence-divider"">
            <div class=""sentence-text"">Elle regarde sous sa chaussure et voit qu'un chewing-gum est collé à sa semelle.</div>
          </div>
        "," ","html-keyboard-response","103","651238","0.0-7.0-96.0","","reading","Mina vient de marcher sur quelque chose de collant.","Elle regarde sous sa chaussure et voit qu'un chewing-gum est collé à sa semelle.","43","6431","","","","","","",""
"null","<div style=""font-size:80px;text-align:center;"">+</div>","null","html-keyboard-response","104","653238","0.0-7.0-97.0","","","","","","","","","","","","",""
"17647","
          <div class=""sentence-container"">
            <div class=""sentence-text"">Megan est en train de bronzer sur son bateau lorsqu'elle entrevoit une tempête se former à quelques nœuds.</div>
            <hr class=""sentence-divider"">
            <div class=""sentence-text"">Il commence à pleuvoir et elle essaye de s'abriter. Des vagues de plusieurs mètres s'abattent sur le mât du bateau, Megan perd l'équilibre et tombe dans l'eau. Elle se bat contre les vagues pendant plusieurs minutes mais, exténuée, elle se noie.</div>
          </div>
        "," ","html-keyboard-response","105","670886","0.0-7.0-98.0","","reading","Megan est en train de bronzer sur son bateau lorsqu'elle entrevoit une tempête se former à quelques nœuds.","Il commence à pleuvoir et elle essaye de s'abriter. Des vagues de plusieurs mètres s'abattent sur le mât du bateau, Megan perd l'équilibre et tombe dans l'eau. Elle se bat contre les vagues pendant plusieurs minutes mais, exténuée, elle se noie.","44","17647","","","","","","",""
"null","<div style=""font-size:80px;text-align:center;"">+</div>","null","html-keyboard-response","106","672886","0.0-7.0-99.0","","","","","","","","","","","","",""
"2767","
          <div class=""sentence-container"">
            <div class=""sentence-text"">Emma se balade dans la rue.</div>
            <hr class=""sentence-divider"">
            <div class=""sentence-text"">Elle porte des chaussures bleues.</div>
          </div>
        "," ","html-keyboard-response","107","675654","0.0-7.0-100.0","","reading","Emma se balade dans la rue.","Elle porte des chaussures bleues.","45","2767","","","","","","",""
"null","<div style=""font-size:80px;text-align:center;"">+</div>","null","html-keyboard-response","108","677654","0.0-7.0-101.0","","","","","","","","","","","","",""
"3663","
          <div class=""sentence-container"">
            <div class=""sentence-text"">Léonard a envie de manger un bon plat ce soir.</div>
            <hr class=""sentence-divider"">
            <div class=""sentence-text"">Il va à son restaurant préféré.</div>
          </div>
        "," ","html-keyboard-response","109","681318","0.0-7.0-102.0","","reading","Léonard a envie de manger un bon plat ce soir.","Il va à son restaurant préféré.","46","3663","","","","","","",""
"16911","
        <div style=""
          display: flex;
          flex-direction: column;
          align-items: center;
          justify-content: center;
          width: 90vw;
          max-width: 90vw;
          box-sizing: border-box;
          padding: 40px;
          word-wrap: break-word;
          overflow-wrap: break-word;
          white-space: normal;
        "">
          <div style=""
            font-family: 'Courier New', monospace;
            font-size: 40px;
            line-height: 2.2;
            letter-spacing: 2px;
            text-align: center;
            color: #111;
            width: 100%;
            word-wrap: break-word;
            overflow-wrap: break-word;
            white-space: normal;
          "">Avez-vous vu la phrase suivante ?<br><br><em>Megan est en train de bronzer sur son bateau lorsqu'elle entrevoit une tempête se former à quelques nœuds. Il commence à pleuvoir et elle essaye de s'abriter. Des vagues de plusieurs mètres s'abattent sur le mât du bateau, Megan perd l'équilibre et tombe dans l'eau. Elle se bat contre les vagues pendant plusieurs minutes mais, exténuée, elle se noie.</em></div>

          <div style=""
            display: flex;
            flex-direction: row;
            gap: 80px;
            margin-top: 60px;
            font-family: 'Courier New', monospace;
            font-size: 28px;
            color: #333;
          "">
            <div style=""text-align:center;"">
              <div style=""font-size: 48px;"">↑</div>
              <div>Oui</div>
            </div>
            <div style=""text-align:center;"">
              <div style=""font-size: 48px;"">↓</div>
              <div>Non</div>
            </div>
          </div>
        </div>
      ","arrowdown","html-keyboard-response","110","698230","0.0-7.0-103.0","","catch","Léonard a envie de manger un bon plat ce soir.","Il va à son restaurant préféré.","","","Megan est en train de bronzer sur son bateau lorsqu'elle entrevoit une tempête se former à quelques nœuds. Il commence à pleuvoir et elle essaye de s'abriter. Des vagues de plusieurs mètres s'abattent sur le mât du bateau, Megan perd l'équilibre et tombe dans l'eau. Elle se bat contre les vagues pendant plusieurs minutes mais, exténuée, elle se noie.","3","47","seen","Non","Oui","false"
"null","<div style=""font-size:80px;text-align:center;"">+</div>","null","html-keyboard-response","111","700230","0.0-7.0-104.0","","","","","","","","","","","","",""
"14175","
          <div class=""sentence-container"">
            <div class=""sentence-text"">Andy est à son restaurant préféré et à son habitude il commande 'La Surprise du Chef' comme plat principal. Il s'agit d'une préparation dans laquelle le chef choisit les ingrédients qu'il souhaite travailler. Andy espère qu'il va aimer.</div>
            <hr class=""sentence-divider"">
            <div class=""sentence-text"">Un parfum incroyable se dégage du plat surprise. Andy se régale.</div>
          </div>
        "," ","html-keyboard-response","112","714404","0.0-7.0-105.0","","reading","Andy est à son restaurant préféré et à son habitude il commande 'La Surprise du Chef' comme plat principal. Il s'agit d'une préparation dans laquelle le chef choisit les ingrédients qu'il souhaite travailler. Andy espère qu'il va aimer.","Un parfum incroyable se dégage du plat surprise. Andy se régale.","47","14175","","","","","","",""
"null","<div style=""font-size:80px;text-align:center;"">+</div>","null","html-keyboard-response","113","716405","0.0-7.0-106.0","","","","","","","","","","","","",""
"5935","
          <div class=""sentence-container"">
            <div class=""sentence-text"">Mia se balade avec un ami lorsque soudain il sort un cadeau de son sac.</div>
            <hr class=""sentence-divider"">
            <div class=""sentence-text"">Son ami lui demande si elle aime le papier cadeau.</div>
          </div>
        "," ","html-keyboard-response","114","722340","0.0-7.0-107.0","","reading","Mia se balade avec un ami lorsque soudain il sort un cadeau de son sac.","Son ami lui demande si elle aime le papier cadeau.","48","5935","","","","","","",""
"null","<div style=""font-size:80px;text-align:center;"">+</div>","null","html-keyboard-response","115","724341","0.0-7.0-108.0","","","","","","","","","","","","",""
"13039","
          <div class=""sentence-container"">
            <div class=""sentence-text"">Adrien est réveillé par son chien qui aboie en pleine nuit. Il est surpris car son chien n'aboie jamais.</div>
            <hr class=""sentence-divider"">
            <div class=""sentence-text"">Il se dit qu'il devrait descendre vérifier ce qu'il se passe mais il est trop fatigué. Il retourne donc dormir, tant pis si ce sont des voleurs.</div>
          </div>
        "," ","html-keyboard-response","116","737380","0.0-7.0-109.0","","reading","Adrien est réveillé par son chien qui aboie en pleine nuit. Il est surpris car son chien n'aboie jamais.","Il se dit qu'il devrait descendre vérifier ce qu'il se passe mais il est trop fatigué. Il retourne donc dormir, tant pis si ce sont des voleurs.","49","13039","","","","","","",""
"null","<div style=""font-size:80px;text-align:center;"">+</div>","null","html-keyboard-response","117","739381","0.0-7.0-110.0","","","","","","","","","","","","",""
"8688","
          <div class=""sentence-container"">
            <div class=""sentence-text"">Lorena est en retard pour son rendez-vous. Elle s'apprête à sortir mais elle ne trouve pas son téléphone.</div>
            <hr class=""sentence-divider"">
            <div class=""sentence-text"">Elle se souvient soudain qu'elle l'a laissé dans les cabines à la gym ce matin.</div>
          </div>
        "," ","html-keyboard-response","118","748068","0.0-7.0-111.0","","reading","Lorena est en retard pour son rendez-vous. Elle s'apprête à sortir mais elle ne trouve pas son téléphone.","Elle se souvient soudain qu'elle l'a laissé dans les cabines à la gym ce matin.","50","8688","","","","","","",""
"null","<div style=""font-size:80px;text-align:center;"">+</div>","null","html-keyboard-response","119","750069","0.0-7.0-112.0","","","","","","","","","","","","",""
"11055","
          <div class=""sentence-container"">
            <div class=""sentence-text"">Sara a travaillé assidûment pour la thèse qu'elle a rendue le mois passé. Elle espère avoir une bonne note.</div>
            <hr class=""sentence-divider"">
            <div class=""sentence-text"">En arrivant en classe, son professeur la félicite immédiatement car sa thèse était excellente: Sara a obtenu un 90% !</div>
          </div>
        "," ","html-keyboard-response","120","761124","0.0-7.0-113.0","","reading","Sara a travaillé assidûment pour la thèse qu'elle a rendue le mois passé. Elle espère avoir une bonne note.","En arrivant en classe, son professeur la félicite immédiatement car sa thèse était excellente: Sara a obtenu un 90% !","51","11055","","","","","","",""
"null","<div style=""font-size:80px;text-align:center;"">+</div>","null","html-keyboard-response","121","763125","0.0-7.0-114.0","","","","","","","","","","","","",""
"1839","
          <div class=""sentence-container"">
            <div class=""sentence-text"">Bruno rentre chez lui.</div>
            <hr class=""sentence-divider"">
            <div class=""sentence-text"">Il prend son bus.</div>
          </div>
        "," ","html-keyboard-response","122","764964","0.0-7.0-115.0","","reading","Bruno rentre chez lui.","Il prend son bus.","52","1839","","","","","","",""
"null","<div style=""font-size:80px;text-align:center;"">+</div>","null","html-keyboard-response","123","766965","0.0-7.0-116.0","","","","","","","","","","","","",""
"8255","
          <div class=""sentence-container"">
            <div class=""sentence-text"">Magnus doit rejoindre son ami pour prendre un café, il décide de regarder l'heure sur son portable.</div>
            <hr class=""sentence-divider"">
            <div class=""sentence-text"">Magnus sort son téléphone mais sa batterie est à plat.</div>
          </div>
        "," ","html-keyboard-response","124","775219","0.0-7.0-117.0","","reading","Magnus doit rejoindre son ami pour prendre un café, il décide de regarder l'heure sur son portable.","Magnus sort son téléphone mais sa batterie est à plat.","53","8255","","","","","","",""
"null","<div style=""font-size:80px;text-align:center;"">+</div>","null","html-keyboard-response","125","777219","0.0-7.0-118.0","","","","","","","","","","","","",""
"3519","
          <div class=""sentence-container"">
            <div class=""sentence-text"">Mara a bientôt un examen de la plus haute importance.</div>
            <hr class=""sentence-divider"">
            <div class=""sentence-text"">Elle passe toutes ses journées à la bibliothèque.</div>
          </div>
        "," ","html-keyboard-response","126","780739","0.0-7.0-119.0","","reading","Mara a bientôt un examen de la plus haute importance.","Elle passe toutes ses journées à la bibliothèque.","54","3519","","","","","","",""
"null","<div style=""font-size:80px;text-align:center;"">+</div>","null","html-keyboard-response","127","782739","0.0-7.0-120.0","","","","","","","","","","","","",""
"6368","
          <div class=""sentence-container"">
            <div class=""sentence-text"">Tom regarde un match de foot avec son équipe préférée, ils pourraient gagner la Champions League !</div>
            <hr class=""sentence-divider"">
            <div class=""sentence-text"">Les deux équipes jouent aussi bien l'une que l'autre, le match est très serré.</div>
          </div>
        "," ","html-keyboard-response","128","789107","0.0-7.0-121.0","","reading","Tom regarde un match de foot avec son équipe préférée, ils pourraient gagner la Champions League !","Les deux équipes jouent aussi bien l'une que l'autre, le match est très serré.","55","6368","","","","","","",""
"null","<div style=""font-size:80px;text-align:center;"">+</div>","null","html-keyboard-response","129","791107","0.0-7.0-122.0","","","","","","","","","","","","",""
"8352","
          <div class=""sentence-container"">
            <div class=""sentence-text"">Albert se dirige vers un 'blind-date' que son meilleur ami lui a organisé. À ce qu'il paraît, la fille qu'il va rencontrer est magnifique.</div>
            <hr class=""sentence-divider"">
            <div class=""sentence-text"">Lorsque Albert la voit arriver, il est immédiatement sous le charme.</div>
          </div>
        "," ","html-keyboard-response","130","799459","0.0-7.0-123.0","","reading","Albert se dirige vers un 'blind-date' que son meilleur ami lui a organisé. À ce qu'il paraît, la fille qu'il va rencontrer est magnifique.","Lorsque Albert la voit arriver, il est immédiatement sous le charme.","56","8352","","","","","","",""
"null","<div style=""font-size:80px;text-align:center;"">+</div>","null","html-keyboard-response","131","801459","0.0-7.0-124.0","","","","","","","","","","","","",""
"6591","
          <div class=""sentence-container"">
            <div class=""sentence-text"">Nelly aimerait adopter un chaton et elle espère en trouver un au refuge de la ville.</div>
            <hr class=""sentence-divider"">
            <div class=""sentence-text"">Lorsqu'elle arrive au refuge, Nelly identifie immédiatement le chaton de ses rêves: un tout noir avec des petites oreilles.</div>
          </div>
        "," ","html-keyboard-response","132","808051","0.0-7.0-125.0","","reading","Nelly aimerait adopter un chaton et elle espère en trouver un au refuge de la ville.","Lorsqu'elle arrive au refuge, Nelly identifie immédiatement le chaton de ses rêves: un tout noir avec des petites oreilles.","57","6591","","","","","","",""
"null","<div style=""font-size:80px;text-align:center;"">+</div>","null","html-keyboard-response","133","810051","0.0-7.0-126.0","","","","","","","","","","","","",""
"2031","
          <div class=""sentence-container"">
            <div class=""sentence-text"">Jeanne fait des activités touristiques.</div>
            <hr class=""sentence-divider"">
            <div class=""sentence-text"">Elle prend beaucoup de selfies.</div>
          </div>
        "," ","html-keyboard-response","134","812083","0.0-7.0-127.0","","reading","Jeanne fait des activités touristiques.","Elle prend beaucoup de selfies.","58","2031","","","","","","",""
"null","<div style=""font-size:80px;text-align:center;"">+</div>","null","html-keyboard-response","135","814083","0.0-7.0-128.0","","","","","","","","","","","","",""
"2047","
          <div class=""sentence-container"">
            <div class=""sentence-text"">Erin voyage en avion.</div>
            <hr class=""sentence-divider"">
            <div class=""sentence-text"">Elle a bouclé sa ceinture.</div>
          </div>
        "," ","html-keyboard-response","136","816131","0.0-7.0-129.0","","reading","Erin voyage en avion.","Elle a bouclé sa ceinture.","59","2047","","","","","","",""
"944","
          <div class=""instructions"">
            <h2>Pause — Recalibration</h2>
            <p>Nous allons recalibrer le suivi oculaire.</p>
            <p>Appuyez sur <strong>ESPACE</strong> pour lancer la recalibration.</p>
          </div>
        "," ","html-keyboard-response","137","817075","0.0-7.0-130.0","","","","","","","","","","","","",""
"","","","call-function","138","829569","0.0-7.0-131.0","","","","","","","","","","","","",""
"1297","
          <div class=""instructions"">
            <h2>Recalibration terminée</h2>
            <p>Appuyez sur <strong>ESPACE</strong> pour continuer la lecture.</p>
          </div>
        "," ","html-keyboard-response","139","830867","0.0-7.0-132.0","","","","","","","","","","","","",""
"8064","
        <div style=""
          display: flex;
          flex-direction: column;
          align-items: center;
          justify-content: center;
          width: 90vw;
          max-width: 90vw;
          box-sizing: border-box;
          padding: 40px;
          word-wrap: break-word;
          overflow-wrap: break-word;
          white-space: normal;
        "">
          <div style=""
            font-family: 'Courier New', monospace;
            font-size: 40px;
            line-height: 2.2;
            letter-spacing: 2px;
            text-align: center;
            color: #111;
            width: 100%;
            word-wrap: break-word;
            overflow-wrap: break-word;
            white-space: normal;
          "">Avez-vous vu la phrase suivante ?<br><br><em>Elena fait du tourisme lorsqu'elle sent quelque chose de chaud tomber sur son épaule. Elle regarde son épaule mais il n'y a rien dessus.</em></div>

          <div style=""
            display: flex;
            flex-direction: row;
            gap: 80px;
            margin-top: 60px;
            font-family: 'Courier New', monospace;
            font-size: 28px;
            color: #333;
          "">
            <div style=""text-align:center;"">
              <div style=""font-size: 48px;"">↑</div>
              <div>Oui</div>
            </div>
            <div style=""text-align:center;"">
              <div style=""font-size: 48px;"">↓</div>
              <div>Non</div>
            </div>
          </div>
        </div>
      ","arrowdown","html-keyboard-response","140","838930","0.0-7.0-133.0","","catch","Erin voyage en avion.","Elle a bouclé sa ceinture.","","","Elena fait du tourisme lorsqu'elle sent quelque chose de chaud tomber sur son épaule. Elle regarde son épaule mais il n'y a rien dessus.","4","60","unseen","Non","Non","true"
"null","<div style=""font-size:80px;text-align:center;"">+</div>","null","html-keyboard-response","141","840930","0.0-7.0-134.0","","","","","","","","","","","","",""
"9056","
          <div class=""sentence-container"">
            <div class=""sentence-text"">Quelqu'un a dit à Cynthia que l'examen de physique quantique qu'elle redoutait a été annulé.</div>
            <hr class=""sentence-divider"">
            <div class=""sentence-text"">Elle envoie un e-mail à son professeur en lui demandant si c'est bien le cas. Ce dernier lui confirme que l'examen a été supprimé.</div>
          </div>
        "," ","html-keyboard-response","142","849986","0.0-7.0-135.0","","reading","Quelqu'un a dit à Cynthia que l'examen de physique quantique qu'elle redoutait a été annulé.","Elle envoie un e-mail à son professeur en lui demandant si c'est bien le cas. Ce dernier lui confirme que l'examen a été supprimé.","60","9056","","","","","","",""
"null","<div style=""font-size:80px;text-align:center;"">+</div>","null","html-keyboard-response","143","851986","0.0-7.0-136.0","","","","","","","","","","","","",""
"11215","
          <div class=""sentence-container"">
            <div class=""sentence-text"">Elena est de sortie en ville lorsque sa mère l'appelle en panique pour lui demander si elle est bien en sécurité. Elle poursuit, confuse, en criant que quelque chose d'horrible vient d'arriver au centre-ville.</div>
            <hr class=""sentence-divider"">
            <div class=""sentence-text"">La mère d'Elena lui dit qu'il y a eu une attaque à la bombe et qu'elle doit rentrer à la maison le plus vite possible.</div>
          </div>
        "," ","html-keyboard-response","144","863202","0.0-7.0-137.0","","reading","Elena est de sortie en ville lorsque sa mère l'appelle en panique pour lui demander si elle est bien en sécurité. Elle poursuit, confuse, en criant que quelque chose d'horrible vient d'arriver au centre-ville.","La mère d'Elena lui dit qu'il y a eu une attaque à la bombe et qu'elle doit rentrer à la maison le plus vite possible.","61","11215","","","","","","",""
"null","<div style=""font-size:80px;text-align:center;"">+</div>","null","html-keyboard-response","145","865202","0.0-7.0-138.0","","","","","","","","","","","","",""
"2559","
          <div class=""sentence-container"">
            <div class=""sentence-text"">Jade se balade avec une amie.</div>
            <hr class=""sentence-divider"">
            <div class=""sentence-text"">Elles parlent de leur journée.</div>
          </div>
        "," ","html-keyboard-response","146","867762","0.0-7.0-139.0","","reading","Jade se balade avec une amie.","Elles parlent de leur journée.","62","2559","","","","","","",""
"null","<div style=""font-size:80px;text-align:center;"">+</div>","null","html-keyboard-response","147","869762","0.0-7.0-140.0","","","","","","","","","","","","",""
"10703","
          <div class=""sentence-container"">
            <div class=""sentence-text"">Chloé est sur le point de s'endormir lorsque l'avion sur lequel elle voyage commence à faire un bruit sourd depuis le moteur gauche.</div>
            <hr class=""sentence-divider"">
            <div class=""sentence-text"">Après quelques minutes, le pilote dit aux passagers qu'une turbine dans le moteur est défectueuse mais que cela ne va pas influencer leur trajet. Il ajoute qu'il ne faut pas paniquer.</div>
          </div>
        "," ","html-keyboard-response","148","880466","0.0-7.0-141.0","","reading","Chloé est sur le point de s'endormir lorsque l'avion sur lequel elle voyage commence à faire un bruit sourd depuis le moteur gauche.","Après quelques minutes, le pilote dit aux passagers qu'une turbine dans le moteur est défectueuse mais que cela ne va pas influencer leur trajet. Il ajoute qu'il ne faut pas paniquer.","63","10703","","","","","","",""
"null","<div style=""font-size:80px;text-align:center;"">+</div>","null","html-keyboard-response","149","882466","0.0-7.0-142.0","","","","","","","","","","","","",""
"11487","
          <div class=""sentence-container"">
            <div class=""sentence-text"">Jim habite seul et il rentre tous les jours du travail à 19h. Mais vendredi dernier, en passant le seuil de sa porte, un bruit inquiétant venant de l'étage l'a surpris.</div>
            <hr class=""sentence-divider"">
            <div class=""sentence-text"">Après avoir monté les escaliers en courant, il découvre qu'un oiseau s'est introduit dans sa chambre par la fenêtre et a détruit son vase préféré.</div>
          </div>
        "," ","html-keyboard-response","150","893954","0.0-7.0-143.0","","reading","Jim habite seul et il rentre tous les jours du travail à 19h. Mais vendredi dernier, en passant le seuil de sa porte, un bruit inquiétant venant de l'étage l'a surpris.","Après avoir monté les escaliers en courant, il découvre qu'un oiseau s'est introduit dans sa chambre par la fenêtre et a détruit son vase préféré.","64","11487","","","","","","",""
"null","<div style=""font-size:80px;text-align:center;"">+</div>","null","html-keyboard-response","151","895953","0.0-7.0-144.0","","","","","","","","","","","","",""
"4464","
          <div class=""sentence-container"">
            <div class=""sentence-text"">Le train de Kim est retardé.</div>
            <hr class=""sentence-divider"">
            <div class=""sentence-text"">Elle entend qu'il sera retardé de quelques heures à cause d'un problème technique qui affecte les rails de train.</div>
          </div>
        "," ","html-keyboard-response","152","900417","0.0-7.0-145.0","","reading","Le train de Kim est retardé.","Elle entend qu'il sera retardé de quelques heures à cause d'un problème technique qui affecte les rails de train.","65","4464","","","","","","",""
"null","<div style=""font-size:80px;text-align:center;"">+</div>","null","html-keyboard-response","153","902417","0.0-7.0-146.0","","","","","","","","","","","","",""
"8239","
          <div class=""sentence-container"">
            <div class=""sentence-text"">Lorenzo est à son restaurant favori, il adore y aller car son ami Aaron est le chef. Lorenzo a hâte de goûter ce qu'Aaron va lui préparer vu que chaque fois qu'il mange chez lui, il découvre de nouvelles saveurs.</div>
            <hr class=""sentence-divider"">
            <div class=""sentence-text"">L'attente est plus longue que d'habitude, Lorenzo a très faim.</div>
          </div>
        "," ","html-keyboard-response","154","910657","0.0-7.0-147.0","","reading","Lorenzo est à son restaurant favori, il adore y aller car son ami Aaron est le chef. Lorenzo a hâte de goûter ce qu'Aaron va lui préparer vu que chaque fois qu'il mange chez lui, il découvre de nouvelles saveurs.","L'attente est plus longue que d'habitude, Lorenzo a très faim.","66","8239","","","","","","",""
"null","<div style=""font-size:80px;text-align:center;"">+</div>","null","html-keyboard-response","155","912657","0.0-7.0-148.0","","","","","","","","","","","","",""
"5440","
          <div class=""sentence-container"">
            <div class=""sentence-text"">Lucille ne trouve pas son portable.</div>
            <hr class=""sentence-divider"">
            <div class=""sentence-text"">Elle regarde partout dans la maison mais il n'y a pas de trace de son téléphone.</div>
          </div>
        "," ","html-keyboard-response","156","918097","0.0-7.0-149.0","","reading","Lucille ne trouve pas son portable.","Elle regarde partout dans la maison mais il n'y a pas de trace de son téléphone.","67","5440","","","","","","",""
"12768","
        <div style=""
          display: flex;
          flex-direction: column;
          align-items: center;
          justify-content: center;
          width: 90vw;
          max-width: 90vw;
          box-sizing: border-box;
          padding: 40px;
          word-wrap: break-word;
          overflow-wrap: break-word;
          white-space: normal;
        "">
          <div style=""
            font-family: 'Courier New', monospace;
            font-size: 40px;
            line-height: 2.2;
            letter-spacing: 2px;
            text-align: center;
            color: #111;
            width: 100%;
            word-wrap: break-word;
            overflow-wrap: break-word;
            white-space: normal;
          "">Avez-vous vu la phrase suivante ?<br><br><em>Lorenzo est à son restaurant favori, il adore y aller car son ami Aaron est le chef. Lorenzo a hâte de goûter ce qu'Aaron va lui préparer vu que chaque fois qu'il mange chez lui, il découvre de nouvelles saveurs. L'attente est plus longue que d'habitude, Lorenzo a très faim.</em></div>

          <div style=""
            display: flex;
            flex-direction: row;
            gap: 80px;
            margin-top: 60px;
            font-family: 'Courier New', monospace;
            font-size: 28px;
            color: #333;
          "">
            <div style=""text-align:center;"">
              <div style=""font-size: 48px;"">↑</div>
              <div>Oui</div>
            </div>
            <div style=""text-align:center;"">
              <div style=""font-size: 48px;"">↓</div>
              <div>Non</div>
            </div>
          </div>
        </div>
      ","arrowdown","html-keyboard-response","157","930865","0.0-7.0-150.0","","catch","Lucille ne trouve pas son portable.","Elle regarde partout dans la maison mais il n'y a pas de trace de son téléphone.","","","Lorenzo est à son restaurant favori, il adore y aller car son ami Aaron est le chef. Lorenzo a hâte de goûter ce qu'Aaron va lui préparer vu que chaque fois qu'il mange chez lui, il découvre de nouvelles saveurs. L'attente est plus longue que d'habitude, Lorenzo a très faim.","5","68","seen","Non","Oui","false"
"null","<div style=""font-size:80px;text-align:center;"">+</div>","null","html-keyboard-response","158","932865","0.0-7.0-151.0","","","","","","","","","","","","",""
"4719","
          <div class=""sentence-container"">
            <div class=""sentence-text"">Lisa a travaillé assidûment pour sa thèse de master.</div>
            <hr class=""sentence-divider"">
            <div class=""sentence-text"">Elle a eu une très bonne note: 85% !</div>
          </div>
        "," ","html-keyboard-response","159","937585","0.0-7.0-152.0","","reading","Lisa a travaillé assidûment pour sa thèse de master.","Elle a eu une très bonne note: 85% !","68","4719","","","","","","",""
"null","<div style=""font-size:80px;text-align:center;"">+</div>","null","html-keyboard-response","160","939585","0.0-7.0-153.0","","","","","","","","","","","","",""
"7263","
          <div class=""sentence-container"">
            <div class=""sentence-text"">La maman d'Ethan lui envoie un message en disant qu'elle va lui préparer un bon repas.</div>
            <hr class=""sentence-divider"">
            <div class=""sentence-text"">Curieux, Ethan essaye de l'appeler pour en savoir plus mais son téléphone s'éteint.</div>
          </div>
        "," ","html-keyboard-response","161","946849","0.0-7.0-154.0","","reading","La maman d'Ethan lui envoie un message en disant qu'elle va lui préparer un bon repas.","Curieux, Ethan essaye de l'appeler pour en savoir plus mais son téléphone s'éteint.","69","7263","","","","","","",""
"null","<div style=""font-size:80px;text-align:center;"">+</div>","null","html-keyboard-response","162","948849","0.0-7.0-155.0","","","","","","","","","","","","",""
"3679","
          <div class=""sentence-container"">
            <div class=""sentence-text"">Karen vient de marcher sur quelque chose de collant.</div>
            <hr class=""sentence-divider"">
            <div class=""sentence-text"">Elle regarde sous sa chaussure mais il n'y a rien.</div>
          </div>
        "," ","html-keyboard-response","163","952529","0.0-7.0-156.0","","reading","Karen vient de marcher sur quelque chose de collant.","Elle regarde sous sa chaussure mais il n'y a rien.","70","3679","","","","","","",""
"null","<div style=""font-size:80px;text-align:center;"">+</div>","null","html-keyboard-response","164","954529","0.0-7.0-157.0","","","","","","","","","","","","",""
"8431","
          <div class=""sentence-container"">
            <div class=""sentence-text"">Irene aimerait voyager, mais ne sachant pas où aller, elle décide de demander conseil à une agence de voyages.</div>
            <hr class=""sentence-divider"">
            <div class=""sentence-text"">L'agent lui dit qu'il y a des promotions intéressantes pour Malaga, Barcelone et Rome.</div>
          </div>
        "," ","html-keyboard-response","165","962960","0.0-7.0-158.0","","reading","Irene aimerait voyager, mais ne sachant pas où aller, elle décide de demander conseil à une agence de voyages.","L'agent lui dit qu'il y a des promotions intéressantes pour Malaga, Barcelone et Rome.","71","8431","","","","","","",""
"null","<div style=""font-size:80px;text-align:center;"">+</div>","null","html-keyboard-response","166","964960","0.0-7.0-159.0","","","","","","","","","","","","",""
"7455","
          <div class=""sentence-container"">
            <div class=""sentence-text"">Comme chaque matin, Eva se promène lorsqu'elle entend une personne crier des mots dans une langue étrangère derrière elle.</div>
            <hr class=""sentence-divider"">
            <div class=""sentence-text"">Elle se retourne et voit qu'il s'agit d'un homme bourré qui se met à vomir sur le trottoir.</div>
          </div>
        "," ","html-keyboard-response","167","972416","0.0-7.0-160.0","","reading","Comme chaque matin, Eva se promène lorsqu'elle entend une personne crier des mots dans une langue étrangère derrière elle.","Elle se retourne et voit qu'il s'agit d'un homme bourré qui se met à vomir sur le trottoir.","72","7455","","","","","","",""
"null","<div style=""font-size:80px;text-align:center;"">+</div>","null","html-keyboard-response","168","974416","0.0-7.0-161.0","","","","","","","","","","","","",""
"3039","
          <div class=""sentence-container"">
            <div class=""sentence-text"">Eva planifie un city-trip à San Francisco.</div>
            <hr class=""sentence-divider"">
            <div class=""sentence-text"">Elle voudrait trouver un vol pas cher.</div>
          </div>
        "," ","html-keyboard-response","169","977456","0.0-7.0-162.0","","reading","Eva planifie un city-trip à San Francisco.","Elle voudrait trouver un vol pas cher.","73","3039","","","","","","",""
"null","<div style=""font-size:80px;text-align:center;"">+</div>","null","html-keyboard-response","170","979456","0.0-7.0-163.0","","","","","","","","","","","","",""
"3295","
          <div class=""sentence-container"">
            <div class=""sentence-text"">Sam est sur Tinder.</div>
            <hr class=""sentence-divider"">
            <div class=""sentence-text"">Il croise des profils différents et décide s'il souhaite les 'matcher'.</div>
          </div>
        "," ","html-keyboard-response","171","982752","0.0-7.0-164.0","","reading","Sam est sur Tinder.","Il croise des profils différents et décide s'il souhaite les 'matcher'.","74","3295","","","","","","",""
"null","<div style=""font-size:80px;text-align:center;"">+</div>","null","html-keyboard-response","172","984752","0.0-7.0-165.0","","","","","","","","","","","","",""
"4623","
          <div class=""sentence-container"">
            <div class=""sentence-text"">Simon est avec un ami lorsqu'il croise une fille avec qui ils ont fait la fête toute la nuit il y a quelques semaines.</div>
            <hr class=""sentence-divider"">
            <div class=""sentence-text"">Ils discutent de tout et de rien.</div>
          </div>
        "," ","html-keyboard-response","173","989376","0.0-7.0-166.0","","reading","Simon est avec un ami lorsqu'il croise une fille avec qui ils ont fait la fête toute la nuit il y a quelques semaines.","Ils discutent de tout et de rien.","75","4623","","","","","","",""
"6319","
        <div style=""
          display: flex;
          flex-direction: column;
          align-items: center;
          justify-content: center;
          width: 90vw;
          max-width: 90vw;
          box-sizing: border-box;
          padding: 40px;
          word-wrap: break-word;
          overflow-wrap: break-word;
          white-space: normal;
        "">
          <div style=""
            font-family: 'Courier New', monospace;
            font-size: 40px;
            line-height: 2.2;
            letter-spacing: 2px;
            text-align: center;
            color: #111;
            width: 100%;
            word-wrap: break-word;
            overflow-wrap: break-word;
            white-space: normal;
          "">Avez-vous vu la phrase suivante ?<br><br><em>En sortant de l'école, Justine réalise qu'elle a oublié son téléphone en classe. Elle décide de retourner à l'école pour le récupérer.</em></div>

          <div style=""
            display: flex;
            flex-direction: row;
            gap: 80px;
            margin-top: 60px;
            font-family: 'Courier New', monospace;
            font-size: 28px;
            color: #333;
          "">
            <div style=""text-align:center;"">
              <div style=""font-size: 48px;"">↑</div>
              <div>Oui</div>
            </div>
            <div style=""text-align:center;"">
              <div style=""font-size: 48px;"">↓</div>
              <div>Non</div>
            </div>
          </div>
        </div>
      ","arrowdown","html-keyboard-response","174","995696","0.0-7.0-167.0","","catch","Simon est avec un ami lorsqu'il croise une fille avec qui ils ont fait la fête toute la nuit il y a quelques semaines.","Ils discutent de tout et de rien.","","","En sortant de l'école, Justine réalise qu'elle a oublié son téléphone en classe. Elle décide de retourner à l'école pour le récupérer.","6","76","unseen","Non","Non","true"
"null","<div style=""font-size:80px;text-align:center;"">+</div>","null","html-keyboard-response","175","997696","0.0-7.0-168.0","","","","","","","","","","","","",""
"10575","
          <div class=""sentence-container"">
            <div class=""sentence-text"">La valise de Simon, contenant tous ses livres favoris, a été perdue par la compagnie aérienne lors de son dernier vol.</div>
            <hr class=""sentence-divider"">
            <div class=""sentence-text"">Simon commence à faire la queue pour réclamer sa valise aux objets trouvés.</div>
          </div>
        "," ","html-keyboard-response","176","1008272","0.0-7.0-169.0","","reading","La valise de Simon, contenant tous ses livres favoris, a été perdue par la compagnie aérienne lors de son dernier vol.","Simon commence à faire la queue pour réclamer sa valise aux objets trouvés.","76","10575","","","","","","",""
"null","<div style=""font-size:80px;text-align:center;"">+</div>","null","html-keyboard-response","177","1010272","0.0-7.0-170.0","","","","","","","","","","","","",""
"5615","
          <div class=""sentence-container"">
            <div class=""sentence-text"">Elena fait du tourisme lorsqu'elle sent quelque chose de chaud tomber sur son épaule.</div>
            <hr class=""sentence-divider"">
            <div class=""sentence-text"">Elle regarde son épaule mais il n'y a rien dessus.</div>
          </div>
        "," ","html-keyboard-response","178","1015888","0.0-7.0-171.0","","reading","Elena fait du tourisme lorsqu'elle sent quelque chose de chaud tomber sur son épaule.","Elle regarde son épaule mais il n'y a rien dessus.","77","5615","","","","","","",""
"null","<div style=""font-size:80px;text-align:center;"">+</div>","null","html-keyboard-response","179","1017888","0.0-7.0-172.0","","","","","","","","","","","","",""
"4335","
          <div class=""sentence-container"">
            <div class=""sentence-text"">Serena entend que son examen d'algèbre a été annulé.</div>
            <hr class=""sentence-divider"">
            <div class=""sentence-text"">Elle espère que ce soit vrai car elle ne comprend rien en cours.</div>
          </div>
        "," ","html-keyboard-response","180","1022223","0.0-7.0-173.0","","reading","Serena entend que son examen d'algèbre a été annulé.","Elle espère que ce soit vrai car elle ne comprend rien en cours.","78","4335","","","","","","",""
"null","<div style=""font-size:80px;text-align:center;"">+</div>","null","html-keyboard-response","181","1024223","0.0-7.0-174.0","","","","","","","","","","","","",""
"4031","
          <div class=""sentence-container"">
            <div class=""sentence-text"">Justine bronze en pleine mer lorsqu'elle voit une tornade se former au loin.</div>
            <hr class=""sentence-divider"">
            <div class=""sentence-text"">Un frisson parcourt sa colonne vertébrale.</div>
          </div>
        "," ","html-keyboard-response","182","1028255","0.0-7.0-175.0","","reading","Justine bronze en pleine mer lorsqu'elle voit une tornade se former au loin.","Un frisson parcourt sa colonne vertébrale.","79","4031","","","","","","",""
"1216","
          <div class=""instructions"">
            <h2>Pause — Recalibration</h2>
            <p>Nous allons recalibrer le suivi oculaire.</p>
            <p>Appuyez sur <strong>ESPACE</strong> pour lancer la recalibration.</p>
          </div>
        "," ","html-keyboard-response","183","1029471","0.0-7.0-176.0","","","","","","","","","","","","",""
"","","","call-function","184","1057022","0.0-7.0-177.0","","","","","","","","","","","","",""
"3136","
          <div class=""instructions"">
            <h2>Recalibration terminée</h2>
            <p>Appuyez sur <strong>ESPACE</strong> pour continuer la lecture.</p>
          </div>
        "," ","html-keyboard-response","185","1060159","0.0-7.0-178.0","","","","","","","","","","","","",""
"null","<div style=""font-size:80px;text-align:center;"">+</div>","null","html-keyboard-response","186","1062159","0.0-7.0-179.0","","","","","","","","","","","","",""
"19055","
          <div class=""sentence-container"">
            <div class=""sentence-text"">Kevin est un fervent supporter de l'équipe nationale de football.</div>
            <hr class=""sentence-divider"">
            <div class=""sentence-text"">Il regarde tous les matchs et connaît les particularités de chaque joueur.</div>
          </div>
        "," ","html-keyboard-response","187","1081215","0.0-7.0-180.0","","reading","Kevin est un fervent supporter de l'équipe nationale de football.","Il regarde tous les matchs et connaît les particularités de chaque joueur.","80","19055","","","","","","",""
"null","<div style=""font-size:80px;text-align:center;"">+</div>","null","html-keyboard-response","188","1083214","0.0-7.0-181.0","","","","","","","","","","","","",""
"3103","
          <div class=""sentence-container"">
            <div class=""sentence-text"">Le bus de Cara est en retard.</div>
            <hr class=""sentence-divider"">
            <div class=""sentence-text"">Elle continue à attendre.</div>
          </div>
        "," ","html-keyboard-response","189","1086318","0.0-7.0-182.0","","reading","Le bus de Cara est en retard.","Elle continue à attendre.","81","3103","","","","","","",""
"null","<div style=""font-size:80px;text-align:center;"">+</div>","null","html-keyboard-response","190","1088318","0.0-7.0-183.0","","","","","","","","","","","","",""
"9455","
          <div class=""sentence-container"">
            <div class=""sentence-text"">Emmanuel est supposé rejoindre son ami pour prendre un verre d'ici peu, donc il décide de vérifier l'heure qu'il est sur son téléphone.</div>
            <hr class=""sentence-divider"">
            <div class=""sentence-text"">Il est 16h30. Vite ! Il ne lui reste plus que 10 minutes pour le rejoindre.</div>
          </div>
        "," ","html-keyboard-response","191","1097774","0.0-7.0-184.0","","reading","Emmanuel est supposé rejoindre son ami pour prendre un verre d'ici peu, donc il décide de vérifier l'heure qu'il est sur son téléphone.","Il est 16h30. Vite ! Il ne lui reste plus que 10 minutes pour le rejoindre.","82","9455","","","","","","",""
"null","<div style=""font-size:80px;text-align:center;"">+</div>","null","html-keyboard-response","192","1099774","0.0-7.0-185.0","","","","","","","","","","","","",""
"8559","
          <div class=""sentence-container"">
            <div class=""sentence-text"">Maja marche avec un ami lorsqu'il sort un cadeau de son sac.</div>
            <hr class=""sentence-divider"">
            <div class=""sentence-text"">Elle déballe le cadeau et voit qu'il s'agit du magnifique pull qu'elle voulait depuis des mois.</div>
          </div>
        "," ","html-keyboard-response","193","1108334","0.0-7.0-186.0","","reading","Maja marche avec un ami lorsqu'il sort un cadeau de son sac.","Elle déballe le cadeau et voit qu'il s'agit du magnifique pull qu'elle voulait depuis des mois.","83","8559","","","","","","",""
"6943","
        <div style=""
          display: flex;
          flex-direction: column;
          align-items: center;
          justify-content: center;
          width: 90vw;
          max-width: 90vw;
          box-sizing: border-box;
          padding: 40px;
          word-wrap: break-word;
          overflow-wrap: break-word;
          white-space: normal;
        "">
          <div style=""
            font-family: 'Courier New', monospace;
            font-size: 40px;
            line-height: 2.2;
            letter-spacing: 2px;
            text-align: center;
            color: #111;
            width: 100%;
            word-wrap: break-word;
            overflow-wrap: break-word;
            white-space: normal;
          "">Avez-vous vu la phrase suivante ?<br><br><em>Maja marche avec un ami lorsqu'il sort un cadeau de son sac. Elle déballe le cadeau et voit qu'il s'agit du magnifique pull qu'elle voulait depuis des mois.</em></div>

          <div style=""
            display: flex;
            flex-direction: row;
            gap: 80px;
            margin-top: 60px;
            font-family: 'Courier New', monospace;
            font-size: 28px;
            color: #333;
          "">
            <div style=""text-align:center;"">
              <div style=""font-size: 48px;"">↑</div>
              <div>Oui</div>
            </div>
            <div style=""text-align:center;"">
              <div style=""font-size: 48px;"">↓</div>
              <div>Non</div>
            </div>
          </div>
        </div>
      ","arrowup","html-keyboard-response","194","1115277","0.0-7.0-187.0","","catch","Maja marche avec un ami lorsqu'il sort un cadeau de son sac.","Elle déballe le cadeau et voit qu'il s'agit du magnifique pull qu'elle voulait depuis des mois.","","","Maja marche avec un ami lorsqu'il sort un cadeau de son sac. Elle déballe le cadeau et voit qu'il s'agit du magnifique pull qu'elle voulait depuis des mois.","7","84","seen","Oui","Oui","true"
"null","<div style=""font-size:80px;text-align:center;"">+</div>","null","html-keyboard-response","195","1117278","0.0-7.0-188.0","","","","","","","","","","","","",""
"15231","
          <div class=""sentence-container"">
            <div class=""sentence-text"">Sam se fait réveiller par l'aboiement de son chien en pleine nuit. Il se dit que c'est étrange étant donné que son chien est d'habitude très calme.</div>
            <hr class=""sentence-divider"">
            <div class=""sentence-text"">Il se lève pour aller voir si son chien va bien. Une fois en bas des escaliers, il se frotte les yeux pour être sûr de bien voir ce qu'il se passe : son chien a une souris dans la gueule.</div>
          </div>
        "," ","html-keyboard-response","196","1132510","0.0-7.0-189.0","","reading","Sam se fait réveiller par l'aboiement de son chien en pleine nuit. Il se dit que c'est étrange étant donné que son chien est d'habitude très calme.","Il se lève pour aller voir si son chien va bien. Une fois en bas des escaliers, il se frotte les yeux pour être sûr de bien voir ce qu'il se passe : son chien a une souris dans la gueule.","84","15231","","","","","","",""
"null","<div style=""font-size:80px;text-align:center;"">+</div>","null","html-keyboard-response","197","1134510","0.0-7.0-190.0","","","","","","","","","","","","",""
"5791","
          <div class=""sentence-container"">
            <div class=""sentence-text"">Il est 4 heures du matin et John est sur le point de s'endormir lorsqu'il entend des coups de feu.</div>
            <hr class=""sentence-divider"">
            <div class=""sentence-text"">Il sursaute de son lit et regarde par sa fenêtre.</div>
          </div>
        "," ","html-keyboard-response","198","1140301","0.0-7.0-191.0","","reading","Il est 4 heures du matin et John est sur le point de s'endormir lorsqu'il entend des coups de feu.","Il sursaute de son lit et regarde par sa fenêtre.","85","5791","","","","","","",""
"null","<div style=""font-size:80px;text-align:center;"">+</div>","null","html-keyboard-response","199","1142302","0.0-7.0-192.0","","","","","","","","","","","","",""
"10415","
          <div class=""sentence-container"">
            <div class=""sentence-text"">Nathan a joué à la loterie avec les mêmes numéros qu'il utilise à chaque fois. Cette semaine, il pourrait gagner 3 000 000 d'euros.</div>
            <hr class=""sentence-divider"">
            <div class=""sentence-text"">Nathan regarde ses numéros par rapport aux numéros gagnants... et c'est le jackpot !!! Il a tous les numéros gagnants, il est maintenant millionnaire !</div>
          </div>
        "," ","html-keyboard-response","200","1152717","0.0-7.0-193.0","","reading","Nathan a joué à la loterie avec les mêmes numéros qu'il utilise à chaque fois. Cette semaine, il pourrait gagner 3 000 000 d'euros.","Nathan regarde ses numéros par rapport aux numéros gagnants... et c'est le jackpot !!! Il a tous les numéros gagnants, il est maintenant millionnaire !","86","10415","","","","","","",""
"null","<div style=""font-size:80px;text-align:center;"">+</div>","null","html-keyboard-response","201","1154717","0.0-7.0-194.0","","","","","","","","","","","","",""
"8304","
          <div class=""sentence-container"">
            <div class=""sentence-text"">Max a un nouveau match sur Tinder !</div>
            <hr class=""sentence-divider"">
            <div class=""sentence-text"">Il tente d'ouvrir l'application pour voir de qui il s'agit, mais son téléphone reste figé sur la page d'accueil.</div>
          </div>
        "," ","html-keyboard-response","202","1163021","0.0-7.0-195.0","","reading","Max a un nouveau match sur Tinder !","Il tente d'ouvrir l'application pour voir de qui il s'agit, mais son téléphone reste figé sur la page d'accueil.","87","8304","","","","","","",""
"null","<div style=""font-size:80px;text-align:center;"">+</div>","null","html-keyboard-response","203","1165021","0.0-7.0-196.0","","","","","","","","","","","","",""
"8095","
          <div class=""sentence-container"">
            <div class=""sentence-text"">Lucie marche dans la rue lorsqu'elle voit une personne au loin qui ressemble à son cousin Jérémy.</div>
            <hr class=""sentence-divider"">
            <div class=""sentence-text"">Lucie essaye d'attirer son attention en hurlant son prénom, en vain.</div>
          </div>
        "," ","html-keyboard-response","204","1173116","0.0-7.0-197.0","","reading","Lucie marche dans la rue lorsqu'elle voit une personne au loin qui ressemble à son cousin Jérémy.","Lucie essaye d'attirer son attention en hurlant son prénom, en vain.","88","8095","","","","","","",""
"null","<div style=""font-size:80px;text-align:center;"">+</div>","null","html-keyboard-response","205","1175117","0.0-7.0-198.0","","","","","","","","","","","","",""
"4207","
          <div class=""sentence-container"">
            <div class=""sentence-text"">En sortant de l'école, Justine réalise qu'elle a oublié son téléphone en classe.</div>
            <hr class=""sentence-divider"">
            <div class=""sentence-text"">Elle décide de retourner à l'école pour le récupérer.</div>
          </div>
        "," ","html-keyboard-response","206","1179324","0.0-7.0-199.0","","reading","En sortant de l'école, Justine réalise qu'elle a oublié son téléphone en classe.","Elle décide de retourner à l'école pour le récupérer.","89","4207","","","","","","",""
"null","<div style=""font-size:80px;text-align:center;"">+</div>","null","html-keyboard-response","207","1181325","0.0-7.0-200.0","","","","","","","","","","","","",""
"9823","
          <div class=""sentence-container"">
            <div class=""sentence-text"">Emma est en train de courir dans un parc lorsqu'elle voit un homme au loin qui ressemble à son ami Marcus. Elle commence à courir dans sa direction pour vérifier que c'est bien lui.</div>
            <hr class=""sentence-divider"">
            <div class=""sentence-text"">Emma se rapproche de l'homme et crie: 'Marcus !'. L'homme se retourne en sursautant et la salue chaleureusement.</div>
          </div>
        "," ","html-keyboard-response","208","1191148","0.0-7.0-201.0","","reading","Emma est en train de courir dans un parc lorsqu'elle voit un homme au loin qui ressemble à son ami Marcus. Elle commence à courir dans sa direction pour vérifier que c'est bien lui.","Emma se rapproche de l'homme et crie: 'Marcus !'. L'homme se retourne en sursautant et la salue chaleureusement.","90","9823","","","","","","",""
"null","<div style=""font-size:80px;text-align:center;"">+</div>","null","html-keyboard-response","209","1193149","0.0-7.0-202.0","","","","","","","","","","","","",""
"2255","
          <div class=""sentence-container"">
            <div class=""sentence-text"">Mona dort paisiblement dans son lit.</div>
            <hr class=""sentence-divider"">
            <div class=""sentence-text"">Elle rêve que son chien court dans le jardin.</div>
          </div>
        "," ","html-keyboard-response","210","1195404","0.0-7.0-203.0","","reading","Mona dort paisiblement dans son lit.","Elle rêve que son chien court dans le jardin.","91","2255","","","","","","",""
"7824","
        <div style=""
          display: flex;
          flex-direction: column;
          align-items: center;
          justify-content: center;
          width: 90vw;
          max-width: 90vw;
          box-sizing: border-box;
          padding: 40px;
          word-wrap: break-word;
          overflow-wrap: break-word;
          white-space: normal;
        "">
          <div style=""
            font-family: 'Courier New', monospace;
            font-size: 40px;
            line-height: 2.2;
            letter-spacing: 2px;
            text-align: center;
            color: #111;
            width: 100%;
            word-wrap: break-word;
            overflow-wrap: break-word;
            white-space: normal;
          "">Avez-vous vu la phrase suivante ?<br><br><em>Mira rentre chez elle en pleine nuit, vers 3 heures du matin, lorsqu'elle entend une moto arriver rapidement dans son dos et des cris stridents. Elle se retourne pour regarder ce qu'il se passe.</em></div>

          <div style=""
            display: flex;
            flex-direction: row;
            gap: 80px;
            margin-top: 60px;
            font-family: 'Courier New', monospace;
            font-size: 28px;
            color: #333;
          "">
            <div style=""text-align:center;"">
              <div style=""font-size: 48px;"">↑</div>
              <div>Oui</div>
            </div>
            <div style=""text-align:center;"">
              <div style=""font-size: 48px;"">↓</div>
              <div>Non</div>
            </div>
          </div>
        </div>
      ","arrowdown","html-keyboard-response","211","1203228","0.0-7.0-204.0","","catch","Mona dort paisiblement dans son lit.","Elle rêve que son chien court dans le jardin.","","","Mira rentre chez elle en pleine nuit, vers 3 heures du matin, lorsqu'elle entend une moto arriver rapidement dans son dos et des cris stridents. Elle se retourne pour regarder ce qu'il se passe.","8","92","unseen","Non","Non","true"
"null","<div style=""font-size:80px;text-align:center;"">+</div>","null","html-keyboard-response","212","1205228","0.0-7.0-205.0","","","","","","","","","","","","",""
"4319","
          <div class=""sentence-container"">
            <div class=""sentence-text"">Leo a commandé un écran sur Amazon.</div>
            <hr class=""sentence-divider"">
            <div class=""sentence-text"">Il reçoit son colis après 2 jours ouvrables comme prévu.</div>
          </div>
        "," ","html-keyboard-response","213","1209547","0.0-7.0-206.0","","reading","Leo a commandé un écran sur Amazon.","Il reçoit son colis après 2 jours ouvrables comme prévu.","92","4319","","","","","","",""
"null","<div style=""font-size:80px;text-align:center;"">+</div>","null","html-keyboard-response","214","1211548","0.0-7.0-207.0","","","","","","","","","","","","",""
"6943","
          <div class=""sentence-container"">
            <div class=""sentence-text"">Bob regarde une finale de Coupe du monde, son équipe préférée a des chances de gagner !</div>
            <hr class=""sentence-divider"">
            <div class=""sentence-text"">Bob ne quitte pas l'écran des yeux, jusqu'au moment où son équipe devient enfin championne du monde !</div>
          </div>
        "," ","html-keyboard-response","215","1218491","0.0-7.0-208.0","","reading","Bob regarde une finale de Coupe du monde, son équipe préférée a des chances de gagner !","Bob ne quitte pas l'écran des yeux, jusqu'au moment où son équipe devient enfin championne du monde !","93","6943","","","","","","",""
"null","<div style=""font-size:80px;text-align:center;"">+</div>","null","html-keyboard-response","216","1220492","0.0-7.0-209.0","","","","","","","","","","","","",""
"7375","
          <div class=""sentence-container"">
            <div class=""sentence-text"">Mira rentre chez elle en pleine nuit, vers 3 heures du matin, lorsqu'elle entend une moto arriver rapidement dans son dos et des cris stridents.</div>
            <hr class=""sentence-divider"">
            <div class=""sentence-text"">Elle se retourne pour regarder ce qu'il se passe.</div>
          </div>
        "," ","html-keyboard-response","217","1227867","0.0-7.0-210.0","","reading","Mira rentre chez elle en pleine nuit, vers 3 heures du matin, lorsqu'elle entend une moto arriver rapidement dans son dos et des cris stridents.","Elle se retourne pour regarder ce qu'il se passe.","94","7375","","","","","","",""
"null","<div style=""font-size:80px;text-align:center;"">+</div>","null","html-keyboard-response","218","1229868","0.0-7.0-211.0","","","","","","","","","","","","",""
"10655","
          <div class=""sentence-container"">
            <div class=""sentence-text"">Matéo est en train de courir pour attraper son bus lorsque son téléphone sonne. Une voix glaciale lui dit qu'un de ses proches a eu un accident.</div>
            <hr class=""sentence-divider"">
            <div class=""sentence-text"">Matéo s'arrête et le bus lui file sous le nez. Il demande qui est à l'appareil mais la ligne se coupe.</div>
          </div>
        "," ","html-keyboard-response","219","1240523","0.0-7.0-212.0","","reading","Matéo est en train de courir pour attraper son bus lorsque son téléphone sonne. Une voix glaciale lui dit qu'un de ses proches a eu un accident.","Matéo s'arrête et le bus lui file sous le nez. Il demande qui est à l'appareil mais la ligne se coupe.","95","10655","","","","","","",""
"null","<div style=""font-size:80px;text-align:center;"">+</div>","null","html-keyboard-response","220","1242524","0.0-7.0-213.0","","","","","","","","","","","","",""
"3183","
          <div class=""sentence-container"">
            <div class=""sentence-text"">Alexandre joue à la loterie chaque semaine.</div>
            <hr class=""sentence-divider"">
            <div class=""sentence-text"">Il achète toujours ses tickets chez le même vendeur.</div>
          </div>
        "," ","html-keyboard-response","221","1245707","0.0-7.0-214.0","","reading","Alexandre joue à la loterie chaque semaine.","Il achète toujours ses tickets chez le même vendeur.","96","3183","","","","","","",""
